"index","collection","packageId","granuleId","title","detailsLink","pdfLink","pdfSize","htmlLink","htmlSize","xmlLink","xmlSize","otherLink1","other1Size","otherLink2","other2Size","teaser","historical","publishdate"
"1","Congressional Hearings","CHRG-119shrg59774","CHRG-119shrg59774","The Malign Influence of the People's Republic of China at Home and Abroad: Recommendations for Policy Makers","https://www.govinfo.gov/app/details/CHRG-119shrg59774/CHRG-119shrg59774","https://www.govinfo.gov/content/pkg/CHRG-119shrg59774/pdf/CHRG-119shrg59774.pdf","20.2 MB","https://www.govinfo.gov/content/pkg/CHRG-119shrg59774/html/CHRG-119shrg59774.htm","220.9 KB","","0 B","","0 B","","0 B"," ON FOREIGN RELATIONS UNITED STATES SENATE ONE HUNDRED NINETEENTH CONGRESS FIRST SESSION JANUARY 30, 2025 Printed for the use of the Committee on Foreign Relations [GRAPHIC NOT AVAILABLE IN TIFF FORMAT] Available via http://www.govinfo.gov U.S. GOVERNMENT PUBLISHING OFFICE 59-774 PDF WASHINGTON : 2025 COMMITTEE ON FOREIGN RELATIONS JAMES E. ...","","2025-01-30"
"2","Congressional Hearings","CHRG-119hhrg60092","CHRG-119hhrg60092","Missed Milestones: Evaluating the Last Four Years in the Eap Region and Unseized Opportunities Under President Trump","https://www.govinfo.gov/app/details/CHRG-119hhrg60092/CHRG-119hhrg60092","https://www.govinfo.gov/content/pkg/CHRG-119hhrg60092/pdf/CHRG-119hhrg60092.pdf","12.7 MB","https://www.govinfo.gov/content/pkg/CHRG-119hhrg60092/html/CHRG-119hhrg60092.htm","98.3 KB","","0 B","","0 B","","0 B","ON EAST ASIA AND PACIFIC OF THE COMMITTEE ON FOREIGN AFFAIRS U.S. HOUSE OF REPRESENTATIVES ONE HUNDRED EIGHTEENTH CONGRESS FIRST SESSION February 25, 2025 Serial No. 119-2 Printed for the use of the Committee on Foreign Affairs [GRAPHIC NOT AVAILABLE IN TIFF FORMAT] Available: http://www.foreignaffairs.house.gov/, http://docs.house.gov, or http://...","","2025-02-25"
"3","Congressional Hearings","CHRG-119hhrg60692","CHRG-119hhrg60692","Examining the PRC's Strategic Port in- Vestments in the Western Hemisphere and the Implications for Homeland Security, Part I","https://www.govinfo.gov/app/details/CHRG-119hhrg60692/CHRG-119hhrg60692","https://www.govinfo.gov/content/pkg/CHRG-119hhrg60692/pdf/CHRG-119hhrg60692.pdf","6.0 MB","https://www.govinfo.gov/content/pkg/CHRG-119hhrg60692/html/CHRG-119hhrg60692.htm","156.7 KB","","0 B","","0 B","","0 B"," ON TRANSPORTATION AND MARITIME SECURITY of the COMMITTEE ON HOMELAND SECURITY HOUSE OF REPRESENTATIVES ONE HUNDRED NINETEENTH CONGRESS FIRST SESSION FEBRUARY 11, 2025 Serial No. 119-3 Printed for the use of the Committee on Homeland Security [GRAPHIC(S) NOT AVAILABLE IN TIFF FORMAT] Available via the World Wide Web: http://www.govinfo.gov ...","","2025-02-11"
"4","Congressional Hearings","CHRG-119shrg60032","CHRG-119shrg60032","Advancing American Interests in the Western Hemisphere","https://www.govinfo.gov/app/details/CHRG-119shrg60032/CHRG-119shrg60032","https://www.govinfo.gov/content/pkg/CHRG-119shrg60032/pdf/CHRG-119shrg60032.pdf","384.2 KB","https://www.govinfo.gov/content/pkg/CHRG-119shrg60032/html/CHRG-119shrg60032.htm","170.9 KB","","0 B","","0 B","","0 B"," NINETEENTH CONGRESS FIRST SESSION MARCH 5, 2025 Printed for the use of the Committee on Foreign Relations [GRAPHIC NOT AVAILABLE IN TIFF FORMAT] Available via http://www.govinfo.gov U.S. GOVERNMENT PUBLISHING OFFICE 60-032 PDF WASHINGTON : 2025 COMMITTEE ON FOREIGN RELATIONS JAMES E. RISCH, Idaho, Chairman PETE RICKETTS, Nebraska JEANNE SHAHEEN...","","2025-03-05"
"5","Congressional Hearings","CHRG-119shrg60494","CHRG-119shrg60494","Financial Aggression: How the Chinese Communist Party Exploits American Retirees and Undermines National Security","https://www.govinfo.gov/app/details/CHRG-119shrg60494/CHRG-119shrg60494","https://www.govinfo.gov/content/pkg/CHRG-119shrg60494/pdf/CHRG-119shrg60494.pdf","3.6 MB","https://www.govinfo.gov/content/pkg/CHRG-119shrg60494/html/CHRG-119shrg60494.htm","187.2 KB","","0 B","","0 B","","0 B"," THE SPECIAL COMMITTEE ON AGING AND THE U.S. HOUSE SELECT COMMITTEE ON THE CHINESE COMMUNIST PARTY UNITED STATES SENATE ONE HUNDRED NINETEENTH CONGRESS FIRST SESSION WASHINGTON, DC APRIL 9, 2025 Serial No. 119-06 Printed for the use of the Special Committee on Aging [GRAPHIC NOT AVAILABLE IN TIFF FORMAT] Available via the World Wide Web: http://...","","2025-04-09"
"6","Congressional Hearings","CHRG-118shrg55290","CHRG-118shrg55290","Commerce, Justice, Science, and Related Agencies Appropriations for Fiscal Year 2025","https://www.govinfo.gov/app/details/CHRG-118shrg55290/CHRG-118shrg55290","https://www.govinfo.gov/content/pkg/CHRG-118shrg55290/pdf/CHRG-118shrg55290.pdf","1.2 MB","https://www.govinfo.gov/content/pkg/CHRG-118shrg55290/html/CHRG-118shrg55290.htm","1.6 MB","","0 B","","0 B","","0 B","ON APPROPRIATIONS UNITED STATES SENATE ONE HUNDRED EIGHTEENTH CONGRESS SECOND SESSION on H.R. 9026/S. 4795 AN ACT MAKING APPROPRIATIONS FOR THE DEPARTMENTS OF COMMERCE AND JUSTICE, AND SCIENCE, AND RELATED AGENCIES FOR THE FISCAL YEAR ENDING SEPTEMBER 30, 2025, AND FOR OTHER PURPOSES Department of Commerce Department of Justice Federal Bureau of ...","","2025-09-30"
"7","Congressional Hearings","CHRG-119hhrg60388","CHRG-119hhrg60388","Metals, Minerals, and Mining: How the Ccp Fuels Conflict and Exploitation in Africa","https://www.govinfo.gov/app/details/CHRG-119hhrg60388/CHRG-119hhrg60388","https://www.govinfo.gov/content/pkg/CHRG-119hhrg60388/pdf/CHRG-119hhrg60388.pdf","10.8 MB","https://www.govinfo.gov/content/pkg/CHRG-119hhrg60388/html/CHRG-119hhrg60388.htm","148.7 KB","","0 B","","0 B","","0 B"," ON FOREIGN AFFAIRS U.S. HOUSE OF REPRESENTATIVES ONE HUNDRED NINETEENTH CONGRESS FIRST SESSION March 25, 2025 Serial No. 119-7 Printed for the use of the Committee on Foreign Affairs Available: http://www.foreignaffairs.house.gov, http://docs.house.gov, or http://www.govinfo.gov ______ U.S. GOVERNMENT PUBLISHING OFFICE 60-388 PDF WASHINGTON : 2025...","","2025-03-25"
"8","Congressional Hearings","CHRG-119hhrg60454","CHRG-119hhrg60454","A Return to Maximum Pressure: Comprehensively Countering the Iranian Regime's Malign Activities Regime's Malign Activities","https://www.govinfo.gov/app/details/CHRG-119hhrg60454/CHRG-119hhrg60454","https://www.govinfo.gov/content/pkg/CHRG-119hhrg60454/pdf/CHRG-119hhrg60454.pdf","10.3 MB","https://www.govinfo.gov/content/pkg/CHRG-119hhrg60454/html/CHRG-119hhrg60454.htm","158.7 KB","","0 B","","0 B","","0 B"," ON FOREIGN AFFAIRS U.S. HOUSE OF REPRESENTATIVES ONE HUNDRED NINETEENTH CONGRESS FIRST SESSION April 1, 2025 Serial No. 119-10 Printed for the use of the Committee on Foreign Affairs [GRAPHIC NOT AVAILABLE IN TIFF FORMAT] Available: http://www.foreignaffairs.house.gov, http://docs.house.gov, or http://www.govinfo.gov U.S. GOVERNMENT PUBLISHING...","","2025-04-01"
"9","Congressional Hearings","CHRG-119hhrg58754","CHRG-119hhrg58754","Now Ore Never: The Importance of Domestic Mining for U.S. National Security","https://www.govinfo.gov/app/details/CHRG-119hhrg58754/CHRG-119hhrg58754","https://www.govinfo.gov/content/pkg/CHRG-119hhrg58754/pdf/CHRG-119hhrg58754.pdf","1.5 MB","https://www.govinfo.gov/content/pkg/CHRG-119hhrg58754/html/CHRG-119hhrg58754.htm","292.9 KB","","0 B","","0 B","","0 B"," of the COMMITTEE ON NATURAL RESOURCES U.S. HOUSE OF REPRESENTATIVES ONE HUNDRED NINETEENTH CONGRESS FIRST SESSION Thursday, February 6, 2025 Serial No. 119-4 Printed for the use of the Committee on Natural Resources [GRAPHIC NOT AVAILABLE IN TIFF FORMAT] Available via the World Wide Web: http://www.govinfo.gov or Committee address: http://...","","2025-02-06"
"10","Congressional Hearings","CHRG-119hhrg59906","CHRG-119hhrg59906","Artificial Intelligence: Examining Trends in Innovation and Competition","https://www.govinfo.gov/app/details/CHRG-119hhrg59906/CHRG-119hhrg59906","https://www.govinfo.gov/content/pkg/CHRG-119hhrg59906/pdf/CHRG-119hhrg59906.pdf","14.6 MB","https://www.govinfo.gov/content/pkg/CHRG-119hhrg59906/html/CHRG-119hhrg59906.htm","117.5 KB","","0 B","","0 B","","0 B",", AND ANTITRUST COMMITTEE ON THE JUDICIARY U.S. HOUSE OF REPRESENTATIVES ONE HUNDRED NINETEENTH CONGRESS FIRST SESSION WEDNESDAY, APRIL 2, 2025 Serial No. 119-13 Printed for the use of the Committee on the Judiciary [GRAPHIC NOT AVAILABLE IN TIFF FORMAT] Available via: http://judiciary.house.gov U.S. GOVERNMENT PUBLISHING OFFICE 59-906 WASHINGTON ...","","2025-04-02"
"11","Congressional Hearings","CHRG-119hhrg60547","CHRG-119hhrg60547","Unconstrained Actors: Assessing Global Cyber Threats to the Homeland","https://www.govinfo.gov/app/details/CHRG-119hhrg60547/CHRG-119hhrg60547","https://www.govinfo.gov/content/pkg/CHRG-119hhrg60547/pdf/CHRG-119hhrg60547.pdf","368.1 KB","https://www.govinfo.gov/content/pkg/CHRG-119hhrg60547/html/CHRG-119hhrg60547.htm","343.3 KB","","0 B","","0 B","","0 B"," NINETEENTH CONGRESS FIRST SESSION JANUARY 22, 2025 Serial No. 119-1 Printed for the use of the Committee on Homeland Security [GRAPHIC NOT AVAILABLE IN TIFF FORMAT] Available via the World Wide Web: http://www.govinfo.gov U.S. GOVERNMENT PUBLISHING OFFICE 60-547 PDF WASHINGTON : 2025 COMMITTEE ON HOMELAND SECURITY Mark E. Green, MD, ...","","2025-01-22"
"12","Congressional Hearings","CHRG-119hhrg60302","CHRG-119hhrg60302","Reauthorizing the U.S. Development Finance Corporation","https://www.govinfo.gov/app/details/CHRG-119hhrg60302/CHRG-119hhrg60302","https://www.govinfo.gov/content/pkg/CHRG-119hhrg60302/pdf/CHRG-119hhrg60302.pdf","6.1 MB","https://www.govinfo.gov/content/pkg/CHRG-119hhrg60302/html/CHRG-119hhrg60302.htm","92.5 KB","","0 B","","0 B","","0 B",". HOUSE OF REPRESENTATIVES ONE HUNDRED NINETEENTH CONGRESS FIRST SESSION March 11, 2025 Serial No. 119-4 Printed for the use of the Committee on Foreign Affairs [GRAPHIC NOT AVAILABLE IN TIFF FORMAT] Available: http://www.foreignaffairs.house.gov, http://docs.house.gov, or http://www.govinfo.gov ______ U.S. GOVERNMENT PUBLISHING OFFICE 60-302 PDF...","","2025-03-11"
"13","Congressional Hearings","CHRG-119shrg58955","CHRG-119shrg58955","The Nomination of Hon. Marco Rubio to Be U.S. Secretary of State","https://www.govinfo.gov/app/details/CHRG-119shrg58955/CHRG-119shrg58955","https://www.govinfo.gov/content/pkg/CHRG-119shrg58955/pdf/CHRG-119shrg58955.pdf","4.1 MB","https://www.govinfo.gov/content/pkg/CHRG-119shrg58955/html/CHRG-119shrg58955.htm","455.6 KB","","0 B","","0 B","","0 B"," ONE HUNDRED NINETEENTH CONGRESS FIRST SESSION JANUARY 15, 2025 Printed for the use of the Committee on Foreign Relations [GRAPHIC NOT AVAILABLE IN TIFF FORMAT Available via http://www.govinfo.gov U.S. GOVERNMENT PUBLISHING OFFICE 58-955 PDF WASHINGTON : 2025 COMMITTEE ON FOREIGN RELATIONS JAMES E. RISCH, Idaho, Chairman PETE RICKETTS, Nebraska ...","","2025-01-15"
"14","Congressional Hearings","CHRG-119shrg60170","CHRG-119shrg60170","United States Northern Command and United States Southern Command","https://www.govinfo.gov/app/details/CHRG-119shrg60170/CHRG-119shrg60170","https://www.govinfo.gov/content/pkg/CHRG-119shrg60170/pdf/CHRG-119shrg60170.pdf","5.3 MB","https://www.govinfo.gov/content/pkg/CHRG-119shrg60170/html/CHRG-119shrg60170.htm","334.4 KB","","0 B","","0 B","","0 B","ONE HUNDRED NINETEENTH CONGRESS FIRST SESSION FEBRUARY 13, 2025 Printed for the use of the Committee on Armed Services [GRAPHIC NOT AVAILABLE IN TIFF FORMAT] Available via http: //www.govinfo.gov U.S. GOVERNMENT PUBLISHING OFFICE 60-170 PDF WASHINGTON : 2025 COMMITTEE ON ARMED SERVICES ROGER F. WICKER, Mississippi, Chairman DEB FISCHER, Nebraska ...","","2025-02-13"
"15","Congressional Hearings","CHRG-119shrg60200","CHRG-119shrg60200","Nominations of Luke Lindberg to Be Under Secretary of Agriculture for Trade and Foreign Agricultural Affairs and Devon Westhill to Be Assistant Secretary of Agriculture for Civil Rights","https://www.govinfo.gov/app/details/CHRG-119shrg60200/CHRG-119shrg60200","https://www.govinfo.gov/content/pkg/CHRG-119shrg60200/pdf/CHRG-119shrg60200.pdf","62.0 MB","https://www.govinfo.gov/content/pkg/CHRG-119shrg60200/html/CHRG-119shrg60200.htm","100.8 KB","","0 B","","0 B","","0 B","ASSISTANT SECRETARY OF AGRICULTURE FOR CIVIL RIGHTS HEARING BEFORE THE COMMITTEE ON AGRICULTURE, NUTRITION, AND FORESTRY UNITED STATES SENATE ONE HUNDRED NINETEENTH CONGRESS FIRST SESSION April 29, 2025 Printed for the use of the Committee on Agriculture, Nutrition, and Forestry [GRAPHIC NOT AVAILABLE IN TIFF FORMAT] Available on http://...","","2025-04-29"
"16","Congressional Hearings","CHRG-119shrg60351","CHRG-119shrg60351","Defense Mobilization in the 21st Century","https://www.govinfo.gov/app/details/CHRG-119shrg60351/CHRG-119shrg60351","https://www.govinfo.gov/content/pkg/CHRG-119shrg60351/pdf/CHRG-119shrg60351.pdf","11.0 MB","https://www.govinfo.gov/content/pkg/CHRG-119shrg60351/html/CHRG-119shrg60351.htm","143.3 KB","","0 B","","0 B","","0 B"," FIRST SESSION MARCH 6, 2025 Printed for the use of the Committee on Armed Services [GRAPHIC NOT AVAILABLE IN TIFF FORMAT] Available via http: //www.govinfo.gov U.S. GOVERNMENT PUBLISHING OFFICE 60-351 PDF WASHINGTON : 2025 COMMITTEE ON ARMED SERVICES ROGER F. WICKER, Mississippi, Chairman DEB FISCHER, Nebraska JACK REED, Rhode Island TOM ...","","2025-03-06"
"17","Congressional Hearings","CHRG-119hhrg58997","CHRG-119hhrg58997","Emerging Global Threats: Putting America's National Security First","https://www.govinfo.gov/app/details/CHRG-119hhrg58997/CHRG-119hhrg58997","https://www.govinfo.gov/content/pkg/CHRG-119hhrg58997/pdf/CHRG-119hhrg58997.pdf","202.7 KB","https://www.govinfo.gov/content/pkg/CHRG-119hhrg58997/html/CHRG-119hhrg58997.htm","94.0 KB","","0 B","","0 B","","0 B"," OVERSIGHT AND GOVERNMENT REFORM U.S. HOUSE OF REPRESENTATIVES ONE HUNDRED NINETEENTH CONGRESS FIRST SESSION FEBRUARY 25, 2025 Serial No. 119-6 Printed for the use of the Committee on Oversight and Government Reform GRAPHIC(S) NOT AVAILABLE IN TIFF FORMAT Available on: govinfo.gov oversight.house.gov or docs.house.gov _______ U.S. GOVERNMENT ...","","2025-02-25"
"18","Congressional Hearings","CHRG-119hhrg59000","CHRG-119hhrg59000","America Last: How Foreign Aid Undermined U.S. Interests Around the World","https://www.govinfo.gov/app/details/CHRG-119hhrg59000/CHRG-119hhrg59000","https://www.govinfo.gov/content/pkg/CHRG-119hhrg59000/pdf/CHRG-119hhrg59000.pdf","222.0 KB","https://www.govinfo.gov/content/pkg/CHRG-119hhrg59000/html/CHRG-119hhrg59000.htm","121.2 KB","","0 B","","0 B","","0 B"," COMMITTEE ON OVERSIGHT AND GOVERNMENT REFORM U.S. HOUSE OF REPRESENTATIVES ONE HUNDRED NINETEENTH CONGRESS FIRST SESSION FEBRUARY 26, 2025 Serial No. 119-9 Printed for the use of the Committee on Oversight and Government Reform [GRAPHIC(S) NOT AVAILABLE IN TIFF FORMAT] Available on: govinfo.gov oversight.house.gov or docs.house.gov _______ U.S. ...","","2025-02-26"
"19","Congressional Hearings","CHRG-119hhrg60593","CHRG-119hhrg60593","Shaping the Future of Cyber Diplomacy: Review for State Department Reauthorization","https://www.govinfo.gov/app/details/CHRG-119hhrg60593/CHRG-119hhrg60593","https://www.govinfo.gov/content/pkg/CHRG-119hhrg60593/pdf/CHRG-119hhrg60593.pdf","14.0 MB","https://www.govinfo.gov/content/pkg/CHRG-119hhrg60593/html/CHRG-119hhrg60593.htm","74.3 KB","","0 B","","0 B","","0 B"," AFFAIRS U.S. HOUSE OF REPRESENTATIVES ONE HUNDRED NINETEENTH CONGRESS FIRST SESSION April 29, 2025 Serial No. 119-14 Printed for the use of the Committee on Foreign Affairs [GRAPHIC(S) NOT AVAILABLE IN TIFF FORMAT] Available: http://www.foreignaffairs.house.gov, http://docs.house.gov, or http://www.govinfo.gov _______ U.S. GOVERNMENT PUBLISHING...","","2025-04-29"
"20","Congressional Hearings","CHRG-119hhrg60029","CHRG-119hhrg60029","Restoring Trust in FDA: Rooting Out Illicit Products","https://www.govinfo.gov/app/details/CHRG-119hhrg60029/CHRG-119hhrg60029","https://www.govinfo.gov/content/pkg/CHRG-119hhrg60029/pdf/CHRG-119hhrg60029.pdf","278.8 KB","https://www.govinfo.gov/content/pkg/CHRG-119hhrg60029/html/CHRG-119hhrg60029.htm","197.2 KB","","0 B","","0 B","","0 B"," HUNDRED NINETEENTH CONGRESS FIRST SESSION APRIL 9, 2025 Serial No. 119-19 Printed for the use of the Committee on Oversight and Government Reform [GRAPHIC(S) NOT AVAILABLE IN TIFF FORMAT] Available on: govinfo.gov, oversight.house.gov or docs.house.gov _______ U.S. GOVERNMENT PUBLISHING OFFICE 60-029 PDF WASHINGTON : 2025 COMMITTEE ON OVERSIGHT ...","","2025-04-09"
"21","Congressional Hearings","CHRG-119hhrg59390","CHRG-119hhrg59390","Full Blast: Contrasting Momentum in the Space Mining Economy","https://www.govinfo.gov/app/details/CHRG-119hhrg59390/CHRG-119hhrg59390","https://www.govinfo.gov/content/pkg/CHRG-119hhrg59390/pdf/CHRG-119hhrg59390.pdf","726.1 KB","https://www.govinfo.gov/content/pkg/CHRG-119hhrg59390/html/CHRG-119hhrg59390.htm","191.6 KB","","0 B","","0 B","","0 B"," ON OVERSIGHT AND INVESTIGATIONS of the COMMITTEE ON NATURAL RESOURCES U.S. HOUSE OF REPRESENTATIVES ONE HUNDRED NINETEENTH CONGRESS FIRST SESSION Tuesday, February 25, 2025 Serial No. 119-9 Printed for the use of the Committee on Natural Resources Available via the World Wide Web: http://www.govinfo.gov or Committee address: http://...","","2025-02-25"
"22","Congressional Hearings","CHRG-119hhrg60320","CHRG-119hhrg60320","Arms Control, International Security, and U.S. Assistance to Europe: Review and Reforms for the State Department","https://www.govinfo.gov/app/details/CHRG-119hhrg60320/CHRG-119hhrg60320","https://www.govinfo.gov/content/pkg/CHRG-119hhrg60320/pdf/CHRG-119hhrg60320.pdf","7.7 MB","https://www.govinfo.gov/content/pkg/CHRG-119hhrg60320/html/CHRG-119hhrg60320.htm","65.7 KB","","0 B","","0 B","","0 B"," BEFORE THE COMMITTEE ON FOREIGN AAFAIRS U.S. HOUSE OF REPRESENTATIVES ONE HUNDRED NINETEENTH CONGRESS FIRST SESSION March 11, 2025 Serial No. 119-5 Printed for the use of the Committee on Foreign Affairs [GRAPHIC NOT AVAILABLE IN TIFF FORMAT] Available: http://www.foreignaffairs.house.gov, http://docs.house.gov, or http://www.govinfo.gov U.S. ...","","2025-03-11"
"23","Congressional Hearings","CHRG-119hhrg60514","CHRG-119hhrg60514","Deficient, Enfeebled, and Ineffective: The Consequences of the Biden Administration's Far-Left Priorities on U.S. Foreign Policy","https://www.govinfo.gov/app/details/CHRG-119hhrg60514/CHRG-119hhrg60514","https://www.govinfo.gov/content/pkg/CHRG-119hhrg60514/pdf/CHRG-119hhrg60514.pdf","54.6 MB","https://www.govinfo.gov/content/pkg/CHRG-119hhrg60514/html/CHRG-119hhrg60514.htm","78.2 KB","","0 B","","0 B","","0 B"," ON OVERSIGHT AND INTELLIGENCE BEFORE THE COMMITTEE ON FOREIGN AFFAIRS U.S. HOUSE OF REPRESENTATIVES ONE HUNDRED NINETEENTH CONGRESS FIRST SESSION April 8, 2025 Serial No. 119-12 Printed for the use of the Committee on Foreign Affairs [GRAPHIC NOT AVAILABLE IN TIFF FORMAT] Available: http://www.foreignaffairs.house.gov/, http://docs.house.gov...","","2025-04-08"
"24","Congressional Hearings","CHRG-119hhrg60515","CHRG-119hhrg60515","Markup of Various Measures","https://www.govinfo.gov/app/details/CHRG-119hhrg60515/CHRG-119hhrg60515","https://www.govinfo.gov/content/pkg/CHRG-119hhrg60515/pdf/CHRG-119hhrg60515.pdf","6.8 MB","https://www.govinfo.gov/content/pkg/CHRG-119hhrg60515/html/CHRG-119hhrg60515.htm","123.6 KB","","0 B","","0 B","","0 B","SESSION April 9, 2025 Serial No. 119-13 Printed for the use of the Committee on Foreign Affairs GRAPHIC(S) NOT AVAILABLE IN TIFF FORMAT Available: http://www.foreignaffairs.house.gov/, http://docs.house.gov, or http://www.govinfo.gov ______ U.S. GOVERNMENT PUBLISHING OFFICE 60-515 PDF WASHINGTON : 2025 COMMITTEE ON FOREIGN AFFAIRS BRIAN J. MAST, ...","","2025-04-09"
"25","Congressional Hearings","CHRG-119hhrg59986","CHRG-119hhrg59986","The USAID Betrayal","https://www.govinfo.gov/app/details/CHRG-119hhrg59986/CHRG-119hhrg59986","https://www.govinfo.gov/content/pkg/CHRG-119hhrg59986/pdf/CHRG-119hhrg59986.pdf","19.4 MB","https://www.govinfo.gov/content/pkg/CHRG-119hhrg59986/html/CHRG-119hhrg59986.htm","240.7 KB","","0 B","","0 B","","0 B"," 13, 2025 Serial No. 119-1 Printed for the use of the Committee on Foreign Affairs [GRAPHIC NOT AVAILABLE IN TIFF FORMAT] Available: http://www.foreignaffairs.house.gov //http://docs.house.gov, or http://www.govinfo.gov U.S. GOVERNMENT PUBLISHING OFFICE 59-986 PDF WASHINGTON : 2025 COMMITTEE ON FOREIGN AFFAIRS BRIAN MAST, Florida, Chairman ...","","2025-02-13"
"26","Congressional Hearings","CHRG-119hhrg59733","CHRG-119hhrg59733","America Builds: Maritime Infrastructure","https://www.govinfo.gov/app/details/CHRG-119hhrg59733/CHRG-119hhrg59733","https://www.govinfo.gov/content/pkg/CHRG-119hhrg59733/pdf/CHRG-119hhrg59733.pdf","345.3 KB","https://www.govinfo.gov/content/pkg/CHRG-119hhrg59733/html/CHRG-119hhrg59733.htm","197.3 KB","","0 B","","0 B","","0 B"," AND INFRASTRUCTURE HOUSE OF REPRESENTATIVES ONE HUNDRED NINETEENTH CONGRESS FIRST SESSION FEBRUARY 5, 2025 Printed for the use of the Committee on Transportation and Infrastructure [GRAPHIC NOT AVAILABLE IN TIFF FORMAT] Available online at: https://www.govinfo.gov/committee/house- transportation?path=/browsecommittee/chamber/house/...","","2025-02-05"
"27","Congressional Hearings","CHRG-119hhrg58904","CHRG-119hhrg58904","STEP by STEP: The Artemis Program and NASA's Path to Human Exploration of the Moon, Mars, and Beyond","https://www.govinfo.gov/app/details/CHRG-119hhrg58904/CHRG-119hhrg58904","https://www.govinfo.gov/content/pkg/CHRG-119hhrg58904/pdf/CHRG-119hhrg58904.pdf","19.4 MB","https://www.govinfo.gov/content/pkg/CHRG-119hhrg58904/html/CHRG-119hhrg58904.htm","129.3 KB","","0 B","","0 B","","0 B"," OF THE COMMITTEE ON SCIENCE, SPACE, AND TECHNOLOGY OF THE HOUSE OF REPRESENTATIVES ONE HUNDRED NINETEENTH CONGRESS FIRST SESSION FEBRUARY 26, 2025 Serial No. 119-3 Printed for the use of the Committee on Science, Space, and Technology GRAPHIC(S) NOT AVAILABLE IN TIFF FORMAT Available via the World Wide Web: http://science.house.gov _______...","","2025-02-26"
"28","Congressional Hearings","CHRG-119hhrg60025","CHRG-119hhrg60025","America's AI Moonshot: The Economics of AI, Data Centers, and Power Consumption","https://www.govinfo.gov/app/details/CHRG-119hhrg60025/CHRG-119hhrg60025","https://www.govinfo.gov/content/pkg/CHRG-119hhrg60025/pdf/CHRG-119hhrg60025.pdf","203.2 KB","https://www.govinfo.gov/content/pkg/CHRG-119hhrg60025/html/CHRG-119hhrg60025.htm","95.9 KB","","0 B","","0 B","","0 B"," REGULATORY AFFAIRS OF THE COMMITTEE ON OVERSIGHT AND GOVERNMENT REFORM U.S.HOUSE OF REPRESENTATIVES ONE HUNDRED NINETEENTH CONGRESS FIRST SESSION APRIL 1, 2025 Serial No. 119-15 Printed for the use of the Committee on Oversight and Government Reform [GRAPHIC(S) NOT AVAILABLE IN TIFF FORMAT] Available on: govinfo.gov, oversight.house.gov or ...","","2025-04-01"
"29","Congressional Hearings","CHRG-119shrg58615","CHRG-119shrg58615","Open Hearing: On the Nomination of John L. Ratcliffe, to Be Director, Central Intelligence Agency","https://www.govinfo.gov/app/details/CHRG-119shrg58615/CHRG-119shrg58615","https://www.govinfo.gov/content/pkg/CHRG-119shrg58615/pdf/CHRG-119shrg58615.pdf","43.8 MB","https://www.govinfo.gov/content/pkg/CHRG-119shrg58615/html/CHRG-119shrg58615.htm","116.4 KB","","0 B","","0 B","","0 B","INTELLIGENCE OF THE UNITED STATES SENATE ONE HUNDRED NINETEENTH CONGRESS FIRST SESSION JANUARY 15, 2025 Printed for the use of the Select Committee on Intelligence [GRAPHIC NOT AVAILABLE IN TIFF FORMAT] Available via the World Wide Web: http://www.govinfo.gov U.S. GOVERNMENT PUBLISHING OFFICE 58-615 WASHINGTON : 2025 SELECT COMMITTEE ON ...","","2025-01-15"
"30","Congressional Hearings","CHRG-119hhrg58876","CHRG-119hhrg58876","Strengthening American Leadership in Wireless Technology","https://www.govinfo.gov/app/details/CHRG-119hhrg58876/CHRG-119hhrg58876","https://www.govinfo.gov/content/pkg/CHRG-119hhrg58876/pdf/CHRG-119hhrg58876.pdf","28.9 MB","https://www.govinfo.gov/content/pkg/CHRG-119hhrg58876/html/CHRG-119hhrg58876.htm","208.1 KB","","0 B","","0 B","","0 B","AND COMMERCE HOUSE OF REPRESENTATIVES ONE HUNDRED NINETEENTH CONGRESS FIRST SESSION JANUARY 23, 2025 Serial No. 119-2 [GRAPHIC NOT AVAILABLE IN TIFF FORMAT] Published for the use of the Committee on Energy and Commerce govinfo.gov/committee/house-energy energycommerce.house.gov U.S. GOVERNMENT PUBLISHING OFFICE 58-876 PDF WASHINGTON : 2025 ...","","2025-01-23"
"31","Congressional Hearings","CHRG-119hhrg58999","CHRG-119hhrg58999","Leading the Charge: Opportunities to Strengthen America's Energy Reliability","https://www.govinfo.gov/app/details/CHRG-119hhrg58999/CHRG-119hhrg58999","https://www.govinfo.gov/content/pkg/CHRG-119hhrg58999/pdf/CHRG-119hhrg58999.pdf","209.9 KB","https://www.govinfo.gov/content/pkg/CHRG-119hhrg58999/html/CHRG-119hhrg58999.htm","104.7 KB","","0 B","","0 B","","0 B"," AFFAIRS OF THE COMMITTEE ON OVERSIGHT AND GOVERNMENT REFORM U.S.HOUSE OF REPRESENTATIVES ONE HUNDRED NINETEENTH CONGRESS FIRST SESSION FEBRUARY 26, 2025 Serial No. 119-8 Printed for the use of the Committee on Oversight and Government Reform [GRAPHIC NOT AVAILABLE IN TIFF FORMAT] Available on: govinfo.gov, oversight.house.gov or ...","","2025-02-26"
"32","Congressional Hearings","CHRG-119shrg59474","CHRG-119shrg59474","Golden Age of American Innovation:. Reforming Sbir-Sttr for the 21st Century","https://www.govinfo.gov/app/details/CHRG-119shrg59474/CHRG-119shrg59474","https://www.govinfo.gov/content/pkg/CHRG-119shrg59474/pdf/CHRG-119shrg59474.pdf","29.4 MB","https://www.govinfo.gov/content/pkg/CHRG-119shrg59474/html/CHRG-119shrg59474.htm","95.1 KB","","0 B","","0 B","","0 B"," OF THE UNITED STATES SENATE ONE HUNDRED NINETEENTH CONGRESS FIRST SESSION MARCH 5, 2025 Printed for the use of the Committee on Small Business and Entrepreneurship [GRAPHIC NOT AVAILABLE IN TIFF FORMAT] Available via the World Wide Web: http://www.govinfo.gov U.S. GOVERNMENT PUBLISHING OFFICE 59-574 WASHINGTON : 2025 COMMITTEE ON SMALL BUSINESS ...","","2025-03-05"
"33","Congressional Hearings","CHRG-119hhrg60490","CHRG-119hhrg60490","Censorship Industrial Complex: The Need for First Amendment Safeguards at the State Department","https://www.govinfo.gov/app/details/CHRG-119hhrg60490/CHRG-119hhrg60490","https://www.govinfo.gov/content/pkg/CHRG-119hhrg60490/pdf/CHRG-119hhrg60490.pdf","21.1 MB","https://www.govinfo.gov/content/pkg/CHRG-119hhrg60490/html/CHRG-119hhrg60490.htm","93.2 KB","","0 B","","0 B","","0 B"," ASIA BEFORE THE COMMITTEE ON FOREIGN AFFAIRS U.S. HOUSE OF REPRESENTATIVES ONE HUNDRED NINETEENTH CONGRESS FIRST SESSION April 1, 2025 Serial No. 119-11 Printed for the use of the Committee on Foreign Affairs GRAPHIC(S) NOT AVAILABLE IN TIFF FORMAT Available: http://www.foreignaffairs.house.gov, http://docs.house.gov, or http://www.govinfo.gov __...","","2025-04-01"
"34","Congressional Hearings","CHRG-119hhrg60235","CHRG-119hhrg60235","Bridging the Gap: Turkey Between East and West","https://www.govinfo.gov/app/details/CHRG-119hhrg60235/CHRG-119hhrg60235","https://www.govinfo.gov/content/pkg/CHRG-119hhrg60235/pdf/CHRG-119hhrg60235.pdf","10.9 MB","https://www.govinfo.gov/content/pkg/CHRG-119hhrg60235/html/CHRG-119hhrg60235.htm","94.3 KB","","0 B","","0 B","","0 B"," ONE HUNDRED NINETEENTH CONGRESS FIRST SESSION March 5, 2025 Serial No. 119-3 Printed for the use of the Committee on Foreign Affairs [GRAPHIC NOT AVAILABLE IN TIFF FORMAT] Available: http://www.foreignaffairs.house.gov, http://docs.house.gov, or http://www.govinfo.gov U.S. GOVERNMENT PUBLISHING OFFICE 60-235 PDF WASHINGTON : 2025 COMMITTEE ON ...","","2025-03-05"
"35","Congressional Hearings","CHRG-119hhrg60026","CHRG-119hhrg60026","Salt Typhoon:  Securing America's Telecommunications From State-Sponsored Cyber Attacks","https://www.govinfo.gov/app/details/CHRG-119hhrg60026/CHRG-119hhrg60026","https://www.govinfo.gov/content/pkg/CHRG-119hhrg60026/pdf/CHRG-119hhrg60026.pdf","213.9 KB","https://www.govinfo.gov/content/pkg/CHRG-119hhrg60026/html/CHRG-119hhrg60026.htm","2.4 KB","","0 B","","0 B","","0 B"," HEARING BEFORE THE SUBCOMMITTEE ON MILITARY AND FOREIGN AFFAIRS OF THE COMMITTEE ON OVERSIGHT AND GOVERNMENT REFORM U.S. HOUSE OF REPRESENTATIVES ONE HUNDRED NINETEENTH CONGRESS FIRST SESSION APRIL 2, 2025 Serial No. 119â€“17 Printed for the use of the Committee on Oversight and Government Reform ( Available on: govinfo.gov oversight.house.gov or ...","","2025-04-02"
"36","Congressional Hearings","CHRG-119hhrg59353","CHRG-119hhrg59353","""Subject to the Jurisdiction Thereof"": Birthright Citizenship and the Fourteenth Amendment","https://www.govinfo.gov/app/details/CHRG-119hhrg59353/CHRG-119hhrg59353","https://www.govinfo.gov/content/pkg/CHRG-119hhrg59353/pdf/CHRG-119hhrg59353.pdf","24.7 MB","https://www.govinfo.gov/content/pkg/CHRG-119hhrg59353/html/CHRG-119hhrg59353.htm","129.5 KB","","0 B","","0 B","","0 B","LIMITED GOVERNMENT OF THE COMMITTEE ON THE JUDICIARY U.S. HOUSE OF REPRESENTATIVES ONE HUNDRED NINETEENTH CONGRESS FIRST SESSION TUESDAY, FEBRUARY 25, 2025 Serial No. 119-6 Printed for the use of the Committee on the Judiciary [GRAPHIC(S) NOT AVAILABLE IN TIFF FORMAT] Available via: http://judiciary.house.gov ______ U.S. GOVERNMENT PUBLISHING ...","","2025-02-25"
"37","Congressional Hearings","CHRG-119hhrg58962","CHRG-119hhrg58962","Powering America's Future: Unleashing American Energy","https://www.govinfo.gov/app/details/CHRG-119hhrg58962/CHRG-119hhrg58962","https://www.govinfo.gov/content/pkg/CHRG-119hhrg58962/pdf/CHRG-119hhrg58962.pdf","33.7 MB","https://www.govinfo.gov/content/pkg/CHRG-119hhrg58962/html/CHRG-119hhrg58962.htm","224.5 KB","","0 B","","0 B","","0 B"," ONE HUNDRED NINETEENTH CONGRESS FIRST SESSION FEBRUARY 5, 2025 Serial No. 119-3 [GRAPHIC NOT AVAILABLE IN TIFF FORMAT] Published for the use of the Committee on Energy and Commerce govinfo.gov/committee/house-energy energycommerce.house.gov U.S. GOVERNMENT PUBLISHING OFFICE 58-962 PDF WASHINGTON : 2025 COMMITTEE ON ENERGY AND COMMERCE ...","","2025-02-05"
"38","Congressional Hearings","CHRG-119hhrg58902","CHRG-119hhrg58902","From Transformative Science to Technological Breakthroughs: Doe's National Laboratories","https://www.govinfo.gov/app/details/CHRG-119hhrg58902/CHRG-119hhrg58902","https://www.govinfo.gov/content/pkg/CHRG-119hhrg58902/pdf/CHRG-119hhrg58902.pdf","14.2 MB","https://www.govinfo.gov/content/pkg/CHRG-119hhrg58902/html/CHRG-119hhrg58902.htm","131.7 KB","","0 B","","0 B","","0 B"," SCIENCE, SPACE, AND TECHNOLOGY OF THE HOUSE OF REPRESENTATIVES ONE HUNDRED NINETEENTH CONGRESS FIRST SESSION FEBRUARY 12, 2025 Serial No. 119-2 Printed for the use of the Committee on Science, Space, and Technology [GRAPHIC NOT AVAILABLE IN TIFF FORMAT] Available via the World Wide Web: http://science.house.gov U.S. GOVERNMENT PUBLISHING OFFICE 58...","","2025-02-12"
"39","Congressional Hearings","CHRG-119hhrg58804","CHRG-119hhrg58804","Transgender Lab Rats and Poisoned Puppies: Oversight of Taxpayer-Funded Animal Cruelty","https://www.govinfo.gov/app/details/CHRG-119hhrg58804/CHRG-119hhrg58804","https://www.govinfo.gov/content/pkg/CHRG-119hhrg58804/pdf/CHRG-119hhrg58804.pdf","183.5 KB","https://www.govinfo.gov/content/pkg/CHRG-119hhrg58804/html/CHRG-119hhrg58804.htm","84.8 KB","","0 B","","0 B","","0 B","TECHNOLOGY, AND GOVERNMENT INNOVATION OF THE COMMITTEE ON OVERSIGHT AND GOVERNMENT REFORM U.S. HOUSE OF REPRESENTATIVES ONE HUNDRED NINETEENTH CONGRESS FIRST SESSION FEBRUARY 6, 2025 Serial No. 119-3 Printed for the use of the Committee on Oversight and Government Reform [GRAPHIC NOT AVAILABLE IN TIFF FORMAT] Available on: govinfo.gov ...","","2025-02-06"
"40","Congressional Hearings","CHRG-119hhrg59658","CHRG-119hhrg59658","Time's Running Out: Prosecuting Fraudsters for Stealing Billions in Unemployment Benefits from American Workers","https://www.govinfo.gov/app/details/CHRG-119hhrg59658/CHRG-119hhrg59658","https://www.govinfo.gov/content/pkg/CHRG-119hhrg59658/pdf/CHRG-119hhrg59658.pdf","16.8 MB","https://www.govinfo.gov/content/pkg/CHRG-119hhrg59658/html/CHRG-119hhrg59658.htm","107.3 KB","","0 B","","0 B","","0 B"," & WELFARE OF THE COMMITTEE ON WAYS AND MEANS HOUSE OF REPRESENTATIVES ONE HUNDRED NINETEENTH CONGRESS FIRST SESSION FEBRUARY 6, 2025 Serial No. 119-WW01 Printed for the use of the Committee on Ways and Means [GRAPHIC NOT AVAILABLE IN TIFF FORMAT] U.S. GOVERNMENT PUBLISHING OFFICE 59-658 WASHINGTON : 2025 COMMITTEE ON WAYS AND MEANS JASON SMITH, ...","","2025-02-06"
"41","Congressional Hearings","CHRG-119hhrg60455","CHRG-119hhrg60455","International Narcotics and Law Enforcement Should Fight Crime, Not Fight Conservatives","https://www.govinfo.gov/app/details/CHRG-119hhrg60455/CHRG-119hhrg60455","https://www.govinfo.gov/content/pkg/CHRG-119hhrg60455/pdf/CHRG-119hhrg60455.pdf","17.2 MB","https://www.govinfo.gov/content/pkg/CHRG-119hhrg60455/html/CHRG-119hhrg60455.htm","85.2 KB","","0 B","","0 B","","0 B","THE COMMITTEE ON FOREIGN AFFAIRS U.S. HOUSE OF REPRESENTATIVES ONE HUNDRED NINETEENTH CONGRESS FIRST SESSION March 27, 2025 Serial No. 119-9 Printed for the use of the Committee on Foreign Affairs [GRAPHIC(S) NOT AVAILABLE IN TIFF FORMAT] Available: http://www.foreignaffairs.house.gov, http://docs.house.gov, or http://www.govinfo.gov ______ U.S. ...","","2025-03-27"
"42","Congressional Hearings","CHRG-119shrg58674","CHRG-119shrg58674","Perspectives from the Field: Farmer and Rancher Views on the Agricultural Economy, Part 1","https://www.govinfo.gov/app/details/CHRG-119shrg58674/CHRG-119shrg58674","https://www.govinfo.gov/content/pkg/CHRG-119shrg58674/pdf/CHRG-119shrg58674.pdf","31.8 MB","https://www.govinfo.gov/content/pkg/CHRG-119shrg58674/html/CHRG-119shrg58674.htm","182.9 KB","","0 B","","0 B","","0 B"," NUTRITION, AND FORESTRY UNITED STATES SENATE ONE HUNDRED NINETEENTH CONGRESS FIRST SESSION February 5, 2025 Printed for the use of the Committee on Agriculture, Nutrition, and Forestry GRAPHIC(S) NOT AVAILABLE IN TIFF FORMAT Available on http://www.govinfo.gov/ _______ U.S. GOVERNMENT PUBLISHING OFFICE 58-674 PDF WASHINGTON : 2025 COMMITTEE ON ...","","2025-02-05"
"43","Congressional Hearings","CHRG-119hhrg59655","CHRG-119hhrg59655","Ai in Manufacturing: Securing American Leadership in Manufacturing and the Next Generation of Technologies","https://www.govinfo.gov/app/details/CHRG-119hhrg59655/CHRG-119hhrg59655","https://www.govinfo.gov/content/pkg/CHRG-119hhrg59655/pdf/CHRG-119hhrg59655.pdf","21.5 MB","https://www.govinfo.gov/content/pkg/CHRG-119hhrg59655/html/CHRG-119hhrg59655.htm","180.3 KB","","0 B","","0 B","","0 B",", MANUFACTURING, AND TRADE OF THE COMMITTEE ON ENERGY AND COMMERCE HOUSE OF REPRESENTATIVES ONE HUNDRED NINETEENTH CONGRESS FIRST SESSION WEDNESDAY, FEBRUARY 12, 2025 Serial No. 119-5 Published for the use of the Committee on Energy and Commerce [GRAPHIC NOT AVAILABLE IN TIFF FORMAT] govinfo.gov/committee/house-energy energycommerce.house.gov U.S....","","2025-02-12"
"44","Congressional Hearings","CHRG-119hhrg58836","CHRG-119hhrg58836","Part 1: Committee Funding for the 119th Congress","https://www.govinfo.gov/app/details/CHRG-119hhrg58836/CHRG-119hhrg58836","https://www.govinfo.gov/content/pkg/CHRG-119hhrg58836/pdf/CHRG-119hhrg58836.pdf","5.6 MB","https://www.govinfo.gov/content/pkg/CHRG-119hhrg58836/html/CHRG-119hhrg58836.htm","208.3 KB","","0 B","","0 B","","0 B"," CONGRESS FIRST SESSION FEBRUARY 11, 2025 Printed for the use of the Committee on House Administration GRAPHIC(S) NOT AVAILABLE IN TIFF FORMAT www.govinfo.gov www.cha.house.gov _______ U.S. GOVERNMENT PUBLISHING OFFICE 58-836 WASHINGTON : 2025 COMMITTEE ON HOUSE ADMINISTRATION BRYAN STEIL, Wisconsin, Chairman LAUREL LEE, Florida, Vice Chair JOSEPH ...","","2025-02-11"
"45","Congressional Hearings","CHRG-119hhrg59656","CHRG-119hhrg59656","The Need to Make Permanent the Trump Tax Cuts for Working Families","https://www.govinfo.gov/app/details/CHRG-119hhrg59656/CHRG-119hhrg59656","https://www.govinfo.gov/content/pkg/CHRG-119hhrg59656/pdf/CHRG-119hhrg59656.pdf","140.5 MB","https://www.govinfo.gov/content/pkg/CHRG-119hhrg59656/html/CHRG-119hhrg59656.htm","270.3 KB","","0 B","","0 B","","0 B"," NINETEENTH CONGRESS FIRST SESSION JANUARY 14, 2025 Serial No. 119-FC01 Printed for the use of the Committee on Ways and Means [GRAPHIC NOT AVAILABLE IN TIFF FORMAT] U.S. GOVERNMENT PUBLISHING OFFICE 59-656 PDF WASHINGTON : 2025 COMMITTEE ON WAYS AND MEANS JASON SMITH, Missouri, Chairman VERN BUCHANAN, Florida RICHARD E. NEAL, Massachusetts ADRIAN...","","2025-01-14"
"46","Congressional Hearings","CHRG-119shrg59893","CHRG-119shrg59893","After Assad: Navigating Syria Policy","https://www.govinfo.gov/app/details/CHRG-119shrg59893/CHRG-119shrg59893","https://www.govinfo.gov/content/pkg/CHRG-119shrg59893/pdf/CHRG-119shrg59893.pdf","5.3 MB","https://www.govinfo.gov/content/pkg/CHRG-119shrg59893/html/CHRG-119shrg59893.htm","137.8 KB","","0 B","","0 B","","0 B"," FIRST SESSION FEBRUARY 13, 2025 Printed for the use of the Committee on Foreign Relations [GRAPHIC NOT AVAILABLE IN TIFF FORMAT] Available via http://www.govinfo.gov U.S. GOVERNMENT PUBLISHING OFFICE 59-893 PDF WASHINGTON : 2025 COMMITTEE ON FOREIGN RELATIONS JAMES E. RISCH, Idaho, Chairman PETE RICKETTS, Nebraska JEANNE SHAHEEN, New ...","","2025-02-13"
"47","Congressional Hearings","CHRG-119hhrg59657","CHRG-119hhrg59657","Member Day Hearing on Matters Within the Committee's Tax Jurisdiction","https://www.govinfo.gov/app/details/CHRG-119hhrg59657/CHRG-119hhrg59657","https://www.govinfo.gov/content/pkg/CHRG-119hhrg59657/pdf/CHRG-119hhrg59657.pdf","83.0 MB","https://www.govinfo.gov/content/pkg/CHRG-119hhrg59657/html/CHRG-119hhrg59657.htm","277.3 KB","","0 B","","0 B","","0 B"," NINETEENTH CONGRESS FIRST SESSION JANUARY 22, 2025 Serial No. 119-FC02 Printed for the use of the Committee on Ways and Means [GRAPHIC NOT AVAILABLE IN TIFF FORMAT] ______ U.S. GOVERNMENT PUBLISHING OFFICE 59-657 WASHINGTON : 2025 COMMITTEE ON WAYS AND MEANS JASON SMITH, Missouri, Chairman VERN BUCHANAN, Florida RICHARD E. NEAL, Massachusetts ...","","2025-01-22"
"48","Congressional Hearings","CHRG-119shrg58427","CHRG-119shrg58427","Nomination of Brooke Rollins to Be Secretary of Agriculture","https://www.govinfo.gov/app/details/CHRG-119shrg58427/CHRG-119shrg58427","https://www.govinfo.gov/content/pkg/CHRG-119shrg58427/pdf/CHRG-119shrg58427.pdf","82.8 MB","https://www.govinfo.gov/content/pkg/CHRG-119shrg58427/html/CHRG-119shrg58427.htm","223.7 KB","","0 B","","0 B","","0 B"," STATES SENATE ONE HUNDRED NINETEENTH CONGRESS FIRST SESSION January 23, 2025 Printed for the use of the Committee on Agriculture, Nutrition, and Forestry [GRAPHIC NOT AVAILABLE IN TIFF FORMAT] Available on http://www.govinfo.gov/ U.S. GOVERNMENT PUBLISHING OFFICE 58-427 PDF WASHINGTON : 2025 COMMITTEE ON AGRICULTURE, NUTRITION, AND FORESTRY JOHN ...","","2025-01-23"
"49","Congressional Hearings","CHRG-119hhrg59948","CHRG-119hhrg59948","Inside the Biden FBI: Waste, Fraud, Abuse, and a Bureau Leadership in Decline","https://www.govinfo.gov/app/details/CHRG-119hhrg59948/CHRG-119hhrg59948","https://www.govinfo.gov/content/pkg/CHRG-119hhrg59948/pdf/CHRG-119hhrg59948.pdf","10.0 MB","https://www.govinfo.gov/content/pkg/CHRG-119hhrg59948/html/CHRG-119hhrg59948.htm","112.7 KB","","0 B","","0 B","","0 B"," U.S. HOUSE OF REPRESENTATIVES ONE HUNDRED NINETEENTH CONGRESS FIRST SESSION WEDNESDAY, APRIL 2, 2025 Serial No. 119-14 Printed for the use of the Committee on the Judiciary [GRAPHIC NOT AVAILABLE IN TIFF FORMAT] Available via: http://judiciary.house.gov U.S. GOVERNMENT PUBLISHING OFFICE 59-948 WASHINGTON : 2025 COMMITTEE ON THE JUDICIARY ...","","2025-04-02"
"50","Congressional Hearings","CHRG-119hhrg60649","CHRG-119hhrg60649","Preparing the Pipeline: Examining the State of America's Cyber Workforce","https://www.govinfo.gov/app/details/CHRG-119hhrg60649/CHRG-119hhrg60649","https://www.govinfo.gov/content/pkg/CHRG-119hhrg60649/pdf/CHRG-119hhrg60649.pdf","360.9 KB","https://www.govinfo.gov/content/pkg/CHRG-119hhrg60649/html/CHRG-119hhrg60649.htm","326.9 KB","","0 B","","0 B","","0 B"," HUNDRED NINETEENTH CONGRESS FIRST SESSION FEBRUARY 5, 2025 Serial No. 119-2 Printed for the use of the Committee on Homeland Security [GRAPHIC(S) NOT AVAILABLE IN TIFF FORMAT] Available via the World Wide Web: http://www.govinfo.gov U.S. GOVERNMENT PUBLISHING OFFICE 60-649 PDF WASHINGTON : 2025 COMMITTEE ON HOMELAND SECURITY Mark E. Green, MD, ...","","2025-02-05"
"51","Congressional Hearings","CHRG-119shrg60344","CHRG-119shrg60344","Stabilizing the Military Health System to Prepare for Large-Scale Combat Operations","https://www.govinfo.gov/app/details/CHRG-119shrg60344/CHRG-119shrg60344","https://www.govinfo.gov/content/pkg/CHRG-119shrg60344/pdf/CHRG-119shrg60344.pdf","224.0 KB","https://www.govinfo.gov/content/pkg/CHRG-119shrg60344/html/CHRG-119shrg60344.htm","159.5 KB","","0 B","","0 B","","0 B"," STATES SENATE ONE HUNDRED NINETEENTH CONGRESS FIRST SESSION MARCH 11, 2025 Printed for the use of the Committee on Armed Services [GRAPHIC NOT AVAILABLE IN TIFF FORMAT] Available via http: //www.govinfo.gov U.S. GOVERNMENT PUBLISHING OFFICE 60-344 PDF WASHINGTON : 2025 COMMITTEE ON ARMED SERVICES ROGER F. WICKER, Mississippi, Chairman DEB ...","","2025-03-11"
"52","Congressional Hearings","CHRG-119hhrg60196","CHRG-119hhrg60196","Securing the Skies: Addressing Unauthorized Drone Activity over U.S. Military Installations","https://www.govinfo.gov/app/details/CHRG-119hhrg60196/CHRG-119hhrg60196","https://www.govinfo.gov/content/pkg/CHRG-119hhrg60196/pdf/CHRG-119hhrg60196.pdf","182.9 KB","https://www.govinfo.gov/content/pkg/CHRG-119hhrg60196/html/CHRG-119hhrg60196.htm","69.8 KB","","0 B","","0 B","","0 B"," OF THE COMMITTEE ON OVERSIGHT AND GOVERNMENT REFORM U.S. HOUSE OF REPRESENTATIVES ONE HUNDRED NINETEENTH CONGRESS FIRST SESSION APRIL 29, 2025 Serial No. 119-22 Printed for the use of the Committee on Oversight and Government Reform [GRAPHIC NOT AVAILABLE IN TIFF FORMAT] Available on: govinfo.gov oversight.house.gov or docs.house.gov U.S. ...","","2025-04-29"
"53","Congressional Hearings","CHRG-119hhrg58842","CHRG-119hhrg58842","A Decade Later: Assessing the Legacy and Impact of the Frank Lautenberg Chemical Safety for the 21st Century Act","https://www.govinfo.gov/app/details/CHRG-119hhrg58842/CHRG-119hhrg58842","https://www.govinfo.gov/content/pkg/CHRG-119hhrg58842/pdf/CHRG-119hhrg58842.pdf","29.9 MB","https://www.govinfo.gov/content/pkg/CHRG-119hhrg58842/html/CHRG-119hhrg58842.htm","193.2 KB","","0 B","","0 B","","0 B"," ENVIRONMENT OF THE COMMITTEE ON ENERGY AND COMMERCE HOUSE OF REPRESENTATIVES ONE HUNDRED NINETEENTH CONGRESS FIRST SESSION JANUARY 22, 2025 Serial No. 119-1 [GRAPHIC NOT AVAILABLE IN TIFF FORMAT] Published for the use of the Committee on Energy and Commerce govinfo.gov/committee/house-energy energycommerce.house.gov U.S. GOVERNMENT PUBLISHING ...","","2025-01-22"
"54","Congressional Hearings","CHRG-119shrg60518","CHRG-119shrg60518","Nominations of Dudley Hoskins to Be Under Secretary of Agriculture for Marketing and Regulatory Programs and Dr. Scott Hutchins, to Be Under Secretary of Agriculture for Research, Education, and Economics","https://www.govinfo.gov/app/details/CHRG-119shrg60518/CHRG-119shrg60518","https://www.govinfo.gov/content/pkg/CHRG-119shrg60518/pdf/CHRG-119shrg60518.pdf","39.3 MB","https://www.govinfo.gov/content/pkg/CHRG-119shrg60518/html/CHRG-119shrg60518.htm","104.3 KB","","0 B","","0 B","","0 B"," UNDER SECRETARY OF AGRICULTURE FOR RESEARCH, EDUCATION, AND ECONOMICS HEARING BEFORE THE COMMITTEE ON AGRICULTURE, NUTRITION, AND FORESTRY UNITED STATES SENATE ONE HUNDRED NINETEENTH CONGRESS FIRST SESSION May 21, 2025 Printed for the use of the Committee on Agriculture, Nutrition, and Forestry [GRAPHIC NOT AVAILABLE IN TIFF FORMAT] Available on ...","","2025-05-21"
"55","Congressional Hearings","CHRG-119shrg59998","CHRG-119shrg59998","Eliminating Waste by the Foreign Aid Bureaucracy","https://www.govinfo.gov/app/details/CHRG-119shrg59998/CHRG-119shrg59998","https://www.govinfo.gov/content/pkg/CHRG-119shrg59998/pdf/CHRG-119shrg59998.pdf","50.6 MB","https://www.govinfo.gov/content/pkg/CHRG-119shrg59998/html/CHRG-119shrg59998.htm","110.2 KB","","0 B","","0 B","","0 B"," SENATE ONE HUNDRED NINETEENTH CONGRESS FIRST SESSION FEBRUARY 13, 2025 Available via the World Wide Web: http://www.govinfo.gov Printed for the use of the Committee on Homeland Security and Governmental Affairs [GRAPHIC NOT AVAILABLE IN TIFF FORMAT] U.S. GOVERNMENT PUBLISHING OFFICE 59-998 PDF WASHINGTON : 2025 COMMITTEE ON HOMELAND SECURITY ...","","2025-02-13"
"56","Congressional Hearings","CHRG-119hhrg59659","CHRG-119hhrg59659","Irs Return on Investment and the Need for Modernization","https://www.govinfo.gov/app/details/CHRG-119hhrg59659/CHRG-119hhrg59659","https://www.govinfo.gov/content/pkg/CHRG-119hhrg59659/pdf/CHRG-119hhrg59659.pdf","39.0 MB","https://www.govinfo.gov/content/pkg/CHRG-119hhrg59659/html/CHRG-119hhrg59659.htm","140.9 KB","","0 B","","0 B","","0 B"," ONE HUNDRED NINETEENTH CONGRESS FIRST SESSION FEBRUARY 11, 2025 Serial No. 119-OS01 Printed for the use of the Committee on Ways and Means [GRAPHIC NOT AVAILABLE IN TIFF FORMAT] U.S. GOVERNMENT PUBLISHING OFFICE 59-659 WASHINGTON : 2025 COMMITTEE ON WAYS AND MEANS JASON SMITH, Missouri, Chairman VERN BUCHANAN, Florida RICHARD E. NEAL, ...","","2025-02-11"
"57","Congressional Hearings","CHRG-119hhrg58532","CHRG-119hhrg58532","Hope on the Horizon: Prioritizing Small Business Growth in the 119th Congress","https://www.govinfo.gov/app/details/CHRG-119hhrg58532/CHRG-119hhrg58532","https://www.govinfo.gov/content/pkg/CHRG-119hhrg58532/pdf/CHRG-119hhrg58532.pdf","22.7 MB","https://www.govinfo.gov/content/pkg/CHRG-119hhrg58532/html/CHRG-119hhrg58532.htm","146.5 KB","","0 B","","0 B","","0 B"," ONE HUNDRED NINETEENTH CONGRESS FIRST SESSION HEARING HELD FEBRUARY 5, 2025 [GRAPHIC NOT AVAILABLE IN TIFF FORMAT] Small Business Committee Document Number 119-001 Available via the GPO Website: www.govinfo.gov U.S. GOVERNMENT PUBLISHING OFFICE 58-532 WASHINGTON : 2025 HOUSE COMMITTEE ON SMALL BUSINESS ROGER WILLIAMS, Texas, Chairman...","","2025-02-05"
"58","Congressional Hearings","CHRG-119hhrg60427","CHRG-119hhrg60427","Streamlined and Rightsized: Consolidating State Department Administrative Services","https://www.govinfo.gov/app/details/CHRG-119hhrg60427/CHRG-119hhrg60427","https://www.govinfo.gov/content/pkg/CHRG-119hhrg60427/pdf/CHRG-119hhrg60427.pdf","1.6 MB","https://www.govinfo.gov/content/pkg/CHRG-119hhrg60427/html/CHRG-119hhrg60427.htm","67.8 KB","","0 B","","0 B","","0 B"," THE COMMITTEE ON FOREIGN AFFAIRS U.S. HOUSE OF REPRESENTATIVES ONE HUNDRED NINETEENTH CONGRESS FIRST SESSION March 25, 2025 Serial No. 119-8 Printed for the use of the Committee on Foreign Affairs [GRAPHIC NOT AVAILABLE IN TIFF FORMAT] Available: http://www.foreignaffairs.house.gov, http://docs.house.gov, or http://www.govinfo.gov U.S. GOVERNMENT ...","","2025-03-25"
"59","Congressional Hearings","CHRG-119shrg59490","CHRG-119shrg59490","Nomination of Robert F. Kennedy, Jr. To Serve as Secretary of Health and Human Services","https://www.govinfo.gov/app/details/CHRG-119shrg59490/CHRG-119shrg59490","https://www.govinfo.gov/content/pkg/CHRG-119shrg59490/pdf/CHRG-119shrg59490.pdf","208.5 MB","https://www.govinfo.gov/content/pkg/CHRG-119shrg59490/html/CHRG-119shrg59490.htm","184.1 KB","","0 B","","0 B","","0 B"," LABOR, AND PENSIONS UNITED STATES SENATE ONE HUNDRED NINETEENTH CONGRESS FIRST SESSION ON EXAMINING THE NOMINATION OF ROBERT F. KENNEDY, JR., OF CALIFORNIA, TO BE SECRETARY OF HEALTH AND HUMAN SERVICES JANUARY 30, 2025 Printed for the use of the Committee on Health, Education, Labor, and Pensions [GRAPHIC NOT AVAILABLE IN TIFF FORMAT] Available ...","","2025-01-30"
"60","Congressional Hearings","CHRG-119hhrg59605","CHRG-119hhrg59605","Enhancing Federal, State, and Local Coordination in the Fight Against Criminal Illegal Aliens","https://www.govinfo.gov/app/details/CHRG-119hhrg59605/CHRG-119hhrg59605","https://www.govinfo.gov/content/pkg/CHRG-119hhrg59605/pdf/CHRG-119hhrg59605.pdf","212.8 KB","https://www.govinfo.gov/content/pkg/CHRG-119hhrg59605/html/CHRG-119hhrg59605.htm","108.9 KB","","0 B","","0 B","","0 B"," OF THE COMMITTEE ON OVERSIGHT AND GOVERNMENT REFORM U.S.HOUSE OF REPRESENTATIVES ONE HUNDRED NINETEENTH CONGRESS FIRST SESSION MARCH 11, 2025 Serial No. 119-13 Printed for the use of the Committee on Oversight and Government Reform [GRAPHIC(S) NOT AVAILABLE IN TIFF FORMAT] Available on: govinfo.gov, oversight.house.gov or docs.house.gov _______...","","2025-03-11"
"61","Congressional Hearings","CHRG-119shrg59424","CHRG-119shrg59424","Perspectives from the Field: Farmer and Rancher Views on the Agricultural Economy, Part 2","https://www.govinfo.gov/app/details/CHRG-119shrg59424/CHRG-119shrg59424","https://www.govinfo.gov/content/pkg/CHRG-119shrg59424/pdf/CHRG-119shrg59424.pdf","53.2 MB","https://www.govinfo.gov/content/pkg/CHRG-119shrg59424/html/CHRG-119shrg59424.htm","167.2 KB","","0 B","","0 B","","0 B",", NUTRITION, AND FORESTRY UNITED STATES SENATE ONE HUNDRED NINETEENTH CONGRESS FIRST SESSION February 26, 2025 Printed for the use of the Committee on Agriculture, Nutrition, and Forestry [GRAPHIC NOT AVAILABLE IN TIFF FORMAT] Available on http://www.govinfo.gov/ U.S. GOVERNMENT PUBLISHING OFFICE 59-424 PDF WASHINGTON : 2025 COMMITTEE ON ...","","2025-02-26"
"62","Congressional Hearings","CHRG-119shrg60184","CHRG-119shrg60184","Combating the Opioid Epidemic","https://www.govinfo.gov/app/details/CHRG-119shrg60184/CHRG-119shrg60184","https://www.govinfo.gov/content/pkg/CHRG-119shrg60184/pdf/CHRG-119shrg60184.pdf","4.3 MB","https://www.govinfo.gov/content/pkg/CHRG-119shrg60184/html/CHRG-119shrg60184.htm","194.7 KB","","0 B","","0 B","","0 B"," SESSION WASHINGTON, DC FEBRUARY 26, 2025 Serial No. 119-04 Printed for the use of the Special Committee on Aging [GRAPHIC NOT AVAILABLE IN TIFF FORMAT] Available via the World Wide Web: http://www.govinfo.gov U.S. GOVERNMENT PUBLISHING OFFICE 60-184 PDF WASHINGTON : 2025 SPECIAL COMMITTEE ON AGING RICK SCOTT, Florida, Chairman DAVE McCORMICK, ...","","2025-02-26"
"63","Congressional Hearings","CHRG-119hhrg58806","CHRG-119hhrg58806","The War on Waste: Stamping Out the Scourge of Improper Payments and Fraud","https://www.govinfo.gov/app/details/CHRG-119hhrg58806/CHRG-119hhrg58806","https://www.govinfo.gov/content/pkg/CHRG-119hhrg58806/pdf/CHRG-119hhrg58806.pdf","220.1 KB","https://www.govinfo.gov/content/pkg/CHRG-119hhrg58806/html/CHRG-119hhrg58806.htm","121.4 KB","","0 B","","0 B","","0 B"," COMMITTEE ON OVERSIGHT AND GOVERNMENT REFORM U.S. HOUSE OF REPRESENTATIVES ONE HUNDRED NINETEENTH CONGRESS FIRST SESSION FEBRUARY 12, 2025 Serial No. 119-5 Printed for the use of the Committee on Oversight and Government Reform [GRAPHIC NOT AVAILABLE IN TIFF FORMAT] Available on: govinfo.gov oversight.house.gov or docs.house.gov U.S. GOVERNMENT ...","","2025-02-12"
"64","Congressional Hearings","CHRG-119shrg59492","CHRG-119shrg59492","Nomination of Lori M. Chavez-Deremer to Serve as Secretary of Labor","https://www.govinfo.gov/app/details/CHRG-119shrg59492/CHRG-119shrg59492","https://www.govinfo.gov/content/pkg/CHRG-119shrg59492/pdf/CHRG-119shrg59492.pdf","325.0 KB","https://www.govinfo.gov/content/pkg/CHRG-119shrg59492/html/CHRG-119shrg59492.htm","281.9 KB","","0 B","","0 B","","0 B"," UNITED STATES SENATE ONE HUNDRED NINETEENTH CONGRESS FIRST SESSION ON EXAMINING THE NOMINATION OF LORI CHAVEZ-DEREMER, OF OREGON, TO BE SECRETARY OF LABOR FEBRUARY 19, 2025 Printed for the use of the Committee on Health, Education, Labor, and Pensions [GRAPHIC NOT AVAILABLE IN TIFF FORMAT] Available via the World Wide Web: http://www.govinfo.gov ...","","2025-02-19"
"65","Congressional Hearings","CHRG-119shrg59857","CHRG-119shrg59857","Improving the Federal Environmental Review and Permitting Process","https://www.govinfo.gov/app/details/CHRG-119shrg59857/CHRG-119shrg59857","https://www.govinfo.gov/content/pkg/CHRG-119shrg59857/pdf/CHRG-119shrg59857.pdf","569.5 MB","https://www.govinfo.gov/content/pkg/CHRG-119shrg59857/html/CHRG-119shrg59857.htm","116.6 KB","","0 B","","0 B","","0 B"," SENATE ONE HUNDRED NINETEENTH CONGRESS FIRST SESSION FEBRUARY 19, 2025 Printed for the use of the Committee on Environment and Public Works [GRAPHIC NOT AVAILABLE IN TIFF FORMAT] Available via the World Wide Web: http://www.govinfo.gov U.S. GOVERNMENT PUBLISHING OFFICE 59-857 PDF WASHINGTON : 2025 COMMITTEE ON ENVIRONMENT AND PUBLIC WORKS ONE ...","","2025-02-19"
"66","Congressional Hearings","CHRG-119hhrg58430","CHRG-119hhrg58430","Restoring Immigration Enforcement in America","https://www.govinfo.gov/app/details/CHRG-119hhrg58430/CHRG-119hhrg58430","https://www.govinfo.gov/content/pkg/CHRG-119hhrg58430/pdf/CHRG-119hhrg58430.pdf","31.9 MB","https://www.govinfo.gov/content/pkg/CHRG-119hhrg58430/html/CHRG-119hhrg58430.htm","169.8 KB","","0 B","","0 B","","0 B"," U.S. HOUSE OF REPRESENTATIVES ONE HUNDRED NINETEENTH CONGRESS FIRST SESSION WEDNESDAY, JANUARY 22, 2025 Serial No. 119-1 Printed for the use of the Committee on the Judiciary [GRAPHIC(S) NOT AVAILABLE IN TIFF FORMAT] Available via: http://judiciary.house.gov ------ U.S. GOVERNMENT PUBLISHING OFFICE 58-430 WASHINGTON : 2025 COMMITTEE ON THE ...","","2025-01-22"
"67","Congressional Hearings","CHRG-119shrg60007","CHRG-119shrg60007","Nomination of William Briggs to Be Deputy Administrator of the Small Business Administration and Dr.Casey Mulligan to Be Chief Counsel for Advocacy at the Small Business Administration","https://www.govinfo.gov/app/details/CHRG-119shrg60007/CHRG-119shrg60007","https://www.govinfo.gov/content/pkg/CHRG-119shrg60007/pdf/CHRG-119shrg60007.pdf","20.4 MB","https://www.govinfo.gov/content/pkg/CHRG-119shrg60007/html/CHRG-119shrg60007.htm","73.2 KB","","0 B","","0 B","","0 B"," FOR ADVOCACY AT THE SMALL BUSINESS ADMINISTRATION HEARING BEFORE THE COMMITTEE ON SMALL BUSINESS AND ENTREPRENEURSHIP OF THE UNITED STATES SENATE ONE HUNDRED NINETEENTH CONGRESS FIRST SESSION MARCH 12, 2025 Printed for the use of the Committee on Small Business and Entrepreneurship [GRAPHIC NOT AVAILABLE IN TIFF FORMAT] Available via the World ...","","2025-03-12"
"68","Congressional Hearings","CHRG-119hhrg59845","CHRG-119hhrg59845","Anti-American Airwaves: Holding the Heads of NPR and Pbs Accountable","https://www.govinfo.gov/app/details/CHRG-119hhrg59845/CHRG-119hhrg59845","https://www.govinfo.gov/content/pkg/CHRG-119hhrg59845/pdf/CHRG-119hhrg59845.pdf","247.1 KB","https://www.govinfo.gov/content/pkg/CHRG-119hhrg59845/html/CHRG-119hhrg59845.htm","151.8 KB","","0 B","","0 B","","0 B"," ON OVERSIGHT AND GOVERNMENT REFORM U.S. HOUSE OF REPRESENTATIVES ONE HUNDRED NINETEENTH CONGRESS FIRST SESSION MARCH 26, 2025 Serial No. 119-14 Printed for the use of the Committee on Oversight and Government Reform [GRAPHIC NOT AVAILABLE IN TIFF FORMAT] Available on: govinfo.gov oversight.house.gov or docs.house.gov ______ U.S. GOVERNMENT ...","","2025-03-26"
"69","Congressional Hearings","CHRG-119shrg59971","CHRG-119shrg59971","Optimizing Longevity: From Research to Action","https://www.govinfo.gov/app/details/CHRG-119shrg59971/CHRG-119shrg59971","https://www.govinfo.gov/content/pkg/CHRG-119shrg59971/pdf/CHRG-119shrg59971.pdf","258.8 KB","https://www.govinfo.gov/content/pkg/CHRG-119shrg59971/html/CHRG-119shrg59971.htm","159.0 KB","","0 B","","0 B","","0 B"," CONGRESS FIRST SESSION WASHINGTON, DC FEBRUARY 12, 2025 Serial No. 119-03 Printed for the use of the Special Committee on Aging [GRAPHICS NOT AVAILABLE IN TIFF FORMAT] Available via the World Wide Web: http://www.govinfo.gov U.S. GOVERNMENT PUBLISHING OFFICE 59-971 PDF WASHINGTON : 2025 SPECIAL COMMITTEE ON AGING RICK SCOTT, Florida, Chairman ...","","2025-02-12"
"70","Congressional Hearings","CHRG-119shrg58373","CHRG-119shrg58373","The Nomination of the Honorable Russell T. Vought, of Virginia, to Be Director of the Office of Management and Budget","https://www.govinfo.gov/app/details/CHRG-119shrg58373/CHRG-119shrg58373","https://www.govinfo.gov/content/pkg/CHRG-119shrg58373/pdf/CHRG-119shrg58373.pdf","30.2 MB","https://www.govinfo.gov/content/pkg/CHRG-119shrg58373/html/CHRG-119shrg58373.htm","141.0 KB","","0 B","","0 B","","0 B"," ON THE BUDGET UNITED STATES SENATE ONE HUNDRED NINETEENTH CONGRESS FIRST SESSION January 22, 2025--HEARING ON THE NOMINATION OF THE HONORABLE RUSSELL T. VOUGHT, OF VIRGINIA, TO BE DIRECTOR OF THE OFFICE OF MANAGEMENT AND BUDGET January 30, 2025--EXECUTIVE BUSINESS MEETING ON THE NOMINATION OF THE HONORABLE RUSSELL T. VOUGHT, OF VIRGINIA, TO...","","2025-01-22"
"71","Congressional Hearings","CHRG-119hhrg59602","CHRG-119hhrg59602","Leveraging Technology to Strengthen Immigration Enforcement","https://www.govinfo.gov/app/details/CHRG-119hhrg59602/CHRG-119hhrg59602","https://www.govinfo.gov/content/pkg/CHRG-119hhrg59602/pdf/CHRG-119hhrg59602.pdf","197.3 KB","https://www.govinfo.gov/content/pkg/CHRG-119hhrg59602/html/CHRG-119hhrg59602.htm","88.3 KB","","0 B","","0 B","","0 B","INNOVATION of the COMMITTEE ON OVERSIGHT AND GOVERNMENT REFORM U.S. HOUSE OF REPRESENTATIVES ONE HUNDRED NINETEENTH CONGRESS FIRST SESSION MARCH 4, 2025 Serial No. 119-10 Printed for the use of the Committee on Oversight and Government Reform [GRAPHIC(S) NOT AVAILABLE IN TIFF FORMAT] Available on: govinfo.gov oversight.house.gov or docs.house.gov _...","","2025-03-04"
"72","Congressional Hearings","CHRG-119hhrg59603","CHRG-119hhrg59603","A Hearing with Sanctuary City Mayors","https://www.govinfo.gov/app/details/CHRG-119hhrg59603/CHRG-119hhrg59603","https://www.govinfo.gov/content/pkg/CHRG-119hhrg59603/pdf/CHRG-119hhrg59603.pdf","394.4 KB","https://www.govinfo.gov/content/pkg/CHRG-119hhrg59603/html/CHRG-119hhrg59603.htm","343.0 KB","","0 B","","0 B","","0 B"," CONGRESS FIRST SESSION MARCH 5, 2025 Serial No. 119-11 Printed for the use of the Committee on Oversight and Government Reform GRAPHIC(S) NOT AVAILABLE IN TIFF FORMAT Available on: govinfo.gov, oversight.house.gov or docs.house.gov _______ U.S. GOVERNMENT PUBLISHING OFFICE 59-603 PDF WASHINGTON : 2025 COMMITTEE ON OVERSIGHT AND GOVERNMENT ...","","2025-03-05"
"73","Congressional Hearings","CHRG-119hhrg58471","CHRG-119hhrg58471","Organizational Meeting","https://www.govinfo.gov/app/details/CHRG-119hhrg58471/CHRG-119hhrg58471","https://www.govinfo.gov/content/pkg/CHRG-119hhrg58471/pdf/CHRG-119hhrg58471.pdf","955.1 KB","https://www.govinfo.gov/content/pkg/CHRG-119hhrg58471/html/CHRG-119hhrg58471.htm","2.0 KB","","0 B","","0 B","","0 B"," REPRESENTATIVES ONE HUNDRED NINETEENTH CONGRESS FIRST SESSION Wednesday, January 22, 2025 Serial No. 119â€“1 Printed for the use of the Committee on Natural Resources ( Available via the World Wide Web: http://www.govinfo.gov or Committee address: http://naturalresources.house.gov (II) COMMITTEE ON NATURAL RESOURCES BRUCE WESTERMAN, AR, Chairman ...","","2025-01-22"
"74","Congressional Hearings","CHRG-119hhrg59818","CHRG-119hhrg59818","Fueling America's Future: How Investment Empowers Small-Business Growth","https://www.govinfo.gov/app/details/CHRG-119hhrg59818/CHRG-119hhrg59818","https://www.govinfo.gov/content/pkg/CHRG-119hhrg59818/pdf/CHRG-119hhrg59818.pdf","8.9 MB","https://www.govinfo.gov/content/pkg/CHRG-119hhrg59818/html/CHRG-119hhrg59818.htm","122.1 KB","","0 B","","0 B","","0 B"," ONE HUNDRED NINETEENTH CONGRESS FIRST SESSION HEARING HELD APRIL 2, 2025 [GRAPHIC NOT AVAILABLE IN TIFF FORMAT] Small Business Committee Document Number 119-007 Available via the GPO Website: www.govinfo.gov U.S. GOVERNMENT PUBLISHING OFFICE 59-818 WASHINGTON : 2025 HOUSE COMMITTEE ON SMALL BUSINESS ROGER WILLIAMS, Texas, Chairman PETE ...","","2025-04-02"
"75","Congressional Hearings","CHRG-119hhrg58998","CHRG-119hhrg58998","The Government Accountability Office's 2025 High Risk List","https://www.govinfo.gov/app/details/CHRG-119hhrg58998/CHRG-119hhrg58998","https://www.govinfo.gov/content/pkg/CHRG-119hhrg58998/pdf/CHRG-119hhrg58998.pdf","272.8 KB","https://www.govinfo.gov/content/pkg/CHRG-119hhrg58998/html/CHRG-119hhrg58998.htm","189.9 KB","","0 B","","0 B","","0 B"," ONE HUNDRED NINETEENTH CONGRESS FIRST SESSION FEBRUARY 25, 2025 Serial No. 119-7 Printed for the use of the Committee on Oversight and Government Reform [GRAPHIC NOT AVAILABLE IN TIFF FORMAT] Available on: govinfo.gov, oversight.house.gov or docs.house.gov U.S. GOVERNMENT PUBLISHING OFFICE 58-998 PDF WASHINGTON : 2025 COMMITTEE ON OVERSIGHT AND...","","2025-02-25"
"76","Congressional Hearings","CHRG-119shrg59496","CHRG-119shrg59496","To Review H.R. 471, the Fix Our Forests Act, and Options to Reduce Catastrophic Wildfire","https://www.govinfo.gov/app/details/CHRG-119shrg59496/CHRG-119shrg59496","https://www.govinfo.gov/content/pkg/CHRG-119shrg59496/pdf/CHRG-119shrg59496.pdf","46.1 MB","https://www.govinfo.gov/content/pkg/CHRG-119shrg59496/html/CHRG-119shrg59496.htm","106.3 KB","","0 B","","0 B","","0 B",", FORESTRY, NATURAL RESOURCES, AND BIOTECHNOLOGY OF THE COMMITTEE ON AGRICULTURE, NUTRITION, AND FORESTRY UNITED STATES SENATE ONE HUNDRED NINETEENTH CONGRESS FIRST SESSION March 6, 2025 Printed for the use of the Committee on Agriculture, Nutrition, and Forestry [GRAPHICS NOT AVAILABLE IN TIFF FORMAT] Available on http://www.govinfo.gov/ U.S. ...","","2025-03-06"
"77","Congressional Hearings","CHRG-119hhrg58472","CHRG-119hhrg58472","Legislative Hearing","https://www.govinfo.gov/app/details/CHRG-119hhrg58472/CHRG-119hhrg58472","https://www.govinfo.gov/content/pkg/CHRG-119hhrg58472/pdf/CHRG-119hhrg58472.pdf","418.4 KB","https://www.govinfo.gov/content/pkg/CHRG-119hhrg58472/html/CHRG-119hhrg58472.htm","200.7 KB","","0 B","","0 B","","0 B","FISHERIES of the COMMITTEE ON NATURAL RESOURCES U.S. HOUSE OF REPRESENTATIVES ONE HUNDRED NINETEENTH CONGRESS FIRST SESSION Thursday, January 23, 2025 Serial No. 119-2 Printed for the use of the Committee on Natural Resources [GRAPHIC(S) NOT AVAILABLE IN TIFF FORMAT] Available via the World Wide Web: http://www.govinfo.gov or Committee address: ...","","2025-01-23"
"78","Congressional Hearings","CHRG-119hhrg58900","CHRG-119hhrg58900","The Censorship-Industrial Complex","https://www.govinfo.gov/app/details/CHRG-119hhrg58900/CHRG-119hhrg58900","https://www.govinfo.gov/content/pkg/CHRG-119hhrg58900/pdf/CHRG-119hhrg58900.pdf","12.5 MB","https://www.govinfo.gov/content/pkg/CHRG-119hhrg58900/html/CHRG-119hhrg58900.htm","280.4 KB","","0 B","","0 B","","0 B"," WEDNESDAY, FEBRUARY 12, 2025 Serial No. 119-4 Printed for the use of the Committee on the Judiciary GRAPHIC(S) NOT AVAILABLE IN TIFF FORMAT Available via: http://judiciary.house.gov _______ U.S. GOVERNMENT PUBLISHING OFFICE 58-900 WASHINGTON : 2025 COMMITTEE ON THE JUDICIARY JIM JORDAN, Ohio, Chair DARRELL ISSA, California JAMIE RASKIN, ...","","2025-02-12"
"79","Congressional Hearings","CHRG-119hhrg60761","CHRG-119hhrg60761","The Cftc at 50: Examining the past and Future of Commodity Markets","https://www.govinfo.gov/app/details/CHRG-119hhrg60761/CHRG-119hhrg60761","https://www.govinfo.gov/content/pkg/CHRG-119hhrg60761/pdf/CHRG-119hhrg60761.pdf","2.5 MB","https://www.govinfo.gov/content/pkg/CHRG-119hhrg60761/html/CHRG-119hhrg60761.htm","930.8 KB","","0 B","","0 B","","0 B"," CONGRESS FIRST SESSION MARCH 25, 2025 Serial No. 119-3 [GRAPHIC NOT AVAILABLE IN TIFF FORMAT] Printed for the use of the Committee on Agriculture agriculture.house.gov U.S. GOVERNMENT PUBLISHING OFFICE 60-761 PDF WASHINGTON : 2025 COMMITTEE ON AGRICULTURE GLENN THOMPSON, Pennsylvania, Chairman FRANK D. LUCAS, Oklahoma ANGIE CRAIG, ...","","2025-03-25"
"80","Congressional Hearings","CHRG-119hhrg59876","CHRG-119hhrg59876","H.R. 276, H.R. 845, H.R. 1897, AND H.R. 1917","https://www.govinfo.gov/app/details/CHRG-119hhrg59876/CHRG-119hhrg59876","https://www.govinfo.gov/content/pkg/CHRG-119hhrg59876/pdf/CHRG-119hhrg59876.pdf","684.2 KB","https://www.govinfo.gov/content/pkg/CHRG-119hhrg59876/html/CHRG-119hhrg59876.htm","2.1 KB","","0 B","","0 B","","0 B"," ON WATER, WILDLIFE AND FISHERIES OF THE COMMITTEE ON NATURAL RESOURCES U.S. HOUSE OF REPRESENTATIVES ONE HUNDRED NINETEENTH CONGRESS FIRST SESSION Tuesday, March 25, 2025 Serial No. 119â€“14 Printed for the use of the Committee on Natural Resources ( Available via the World Wide Web: http://www.govinfo.gov or Committee address: http://...","","2025-03-25"
"81","Congressional Hearings","CHRG-119hhrg58805","CHRG-119hhrg58805","Examining the Growth of the Welfare State, Part I","https://www.govinfo.gov/app/details/CHRG-119hhrg58805/CHRG-119hhrg58805","https://www.govinfo.gov/content/pkg/CHRG-119hhrg58805/pdf/CHRG-119hhrg58805.pdf","204.3 KB","https://www.govinfo.gov/content/pkg/CHRG-119hhrg58805/html/CHRG-119hhrg58805.htm","98.8 KB","","0 B","","0 B","","0 B"," AND GOVERNMENT REFORM U.S. HOUSE OF REPRESENTATIVES ONE HUNDRED NINETEENTH CONGRESS FIRST SESSION FEBRUARY 11, 2025 Serial No. 119-4 Printed for the use of the Committee on Oversight and Government Reform [GRAPHIC NOT AVAILABLE IN TIFF FORMAT] Available on: govinfo.gov oversight.house.gov or docs.house.gov U.S. GOVERNMENT PUBLISHING OFFICE 58-...","","2025-02-11"
"82","Congressional Hearings","CHRG-119hhrg60837","CHRG-119hhrg60837","The Digital Battlefield: How On-Line Terrorists Use the Internet and On-Line Networks for Recruitment and Radicalization","https://www.govinfo.gov/app/details/CHRG-119hhrg60837/CHRG-119hhrg60837","https://www.govinfo.gov/content/pkg/CHRG-119hhrg60837/pdf/CHRG-119hhrg60837.pdf","312.2 KB","https://www.govinfo.gov/content/pkg/CHRG-119hhrg60837/html/CHRG-119hhrg60837.htm","247.8 KB","","0 B","","0 B","","0 B"," ON COUNTERTERRORISM, LAW ENFORCEMENT, AND INTELLIGENCE OF THE COMMITTEE ON HOMELAND SECURITY HOUSE OF REPRESENTATIVES ONE HUNDRED NINETEENTH CONGRESS FIRST SESSION MARCH 4, 2025 Serial No. 119-5 Printed for the use of the Committee on Homeland Security [GRAPHIC NOT AVAILABLE IN TIFF FORMAT] Available via the World Wide Web: http://...","","2025-03-04"
"83","Congressional Hearings","CHRG-119hhrg59557","CHRG-119hhrg59557","The Right to Self Defense","https://www.govinfo.gov/app/details/CHRG-119hhrg59557/CHRG-119hhrg59557","https://www.govinfo.gov/content/pkg/CHRG-119hhrg59557/pdf/CHRG-119hhrg59557.pdf","6.8 MB","https://www.govinfo.gov/content/pkg/CHRG-119hhrg59557/html/CHRG-119hhrg59557.htm","123.5 KB","","0 B","","0 B","","0 B"," REPRESENTATIVES ONE HUNDRED NINETEENTH CONGRESS FIRST SESSION TUESDAY, MARCH 4, 2025 Serial No. 119-9 Printed for the use of the Committee on the Judiciary [GRAPHIC NOT AVAILABLE IN TIFF FORMAT] Available via: http://judiciary.house.gov U.S. GOVERNMENT PUBLISHING OFFICE 59-577 WASHINGTON : 2025 COMMITTEE ON THE JUDICIARY JIM JORDAN, Ohio, Chair ...","","2025-03-04"
"84","Congressional Hearings","CHRG-119hhrg60508","CHRG-119hhrg60508","America Builds: A Review of Our Nation's Transit Policies and Programs","https://www.govinfo.gov/app/details/CHRG-119hhrg60508/CHRG-119hhrg60508","https://www.govinfo.gov/content/pkg/CHRG-119hhrg60508/pdf/CHRG-119hhrg60508.pdf","1.7 MB","https://www.govinfo.gov/content/pkg/CHRG-119hhrg60508/html/CHRG-119hhrg60508.htm","354.9 KB","","0 B","","0 B","","0 B"," ON TRANSPORTATION AND INFRASTRUCTURE HOUSE OF REPRESENTATIVES ONE HUNDRED NINETEENTH CONGRESS FIRST SESSION APRIL 9, 2025 Printed for the use of the Committee on Transportation and Infrastructure GRAPHIC(S) NOT AVAILABLE IN TIFF FORMAT Available online at: https://www.govinfo.gov/committee/house- transportation?path=/browsecommittee/chamber/...","","2025-04-09"
"85","Congressional Hearings","CHRG-119hhrg60362","CHRG-119hhrg60362","Conflict and Persecution in Nigeria: The Case for a Cpc Designation","https://www.govinfo.gov/app/details/CHRG-119hhrg60362/CHRG-119hhrg60362","https://www.govinfo.gov/content/pkg/CHRG-119hhrg60362/pdf/CHRG-119hhrg60362.pdf","19.3 MB","https://www.govinfo.gov/content/pkg/CHRG-119hhrg60362/html/CHRG-119hhrg60362.htm","145.1 KB","","0 B","","0 B","","0 B",". HOUSE OF REPRESENTATIVES ONE HUNDRED EIGHTEENTH CONGRESS FIRST SESSION March 12, 2025 Serial No. 119-6 Printed for the use of the Committee on Foreign Affairs [GRAPHIC NOT AVAILABLE IN TIFF FORMAT] Available: http://www.foreignaffairs.house.gov/, http://docs.house.gov, or http://www.govinfo.gov ______ U.S. GOVERNMENT PUBLISHING OFFICE 60-362 PDF ...","","2025-03-12"
"86","Congressional Hearings","CHRG-119hhrg58803","CHRG-119hhrg58803","Rightsizing Government","https://www.govinfo.gov/app/details/CHRG-119hhrg58803/CHRG-119hhrg58803","https://www.govinfo.gov/content/pkg/CHRG-119hhrg58803/pdf/CHRG-119hhrg58803.pdf","339.5 KB","https://www.govinfo.gov/content/pkg/CHRG-119hhrg58803/html/CHRG-119hhrg58803.htm","279.1 KB","","0 B","","0 B","","0 B","FIRST SESSION FEBRUARY 5, 2025 Serial No. 119-2 Printed for the use of the Committee on Oversight and Government Reform [GRAPHIC NOT AVAILABLE IN TIFF FORMAT] Available on: govinfo.gov, oversight.house.gov or docs.house.gov U.S. GOVERNMENT PUBLISHING OFFICE 58-803 PDF WASHINGTON : 2025 COMMITTEE ON OVERSIGHT AND GOVERNMENT REFORM JAMES COMER, ...","","2025-02-05"
"87","Congressional Hearings","CHRG-119shrg59988","CHRG-119shrg59988","Making Washington Work for Seniors: Fighting to End Inflation and Achieve Fiscal Sanity","https://www.govinfo.gov/app/details/CHRG-119shrg59988/CHRG-119shrg59988","https://www.govinfo.gov/content/pkg/CHRG-119shrg59988/pdf/CHRG-119shrg59988.pdf","8.7 MB","https://www.govinfo.gov/content/pkg/CHRG-119shrg59988/html/CHRG-119shrg59988.htm","174.3 KB","","0 B","","0 B","","0 B","UNITED STATES SENATE ONE HUNDRED NINETEENTH CONGRESS FIRST SESSION WASHINGTON, DC JANUARY 29, 2025 Serial No. 119-02 Printed for the use of the Special Committee on Aging GRAPHIC(S) NOT AVAILABLE IN TIFF FORMAT Available via the World Wide Web: http://www.govinfo.gov ______ U.S. GOVERNMENT PUBLISHING OFFICE 59-988 PDF WASHINGTON : 2025 SPECIAL ...","","2025-01-29"
"88","Congressional Hearings","CHRG-119hhrg60155","CHRG-119hhrg60155","Promoting and Improving Safety and Efficient Pipeline Infrastructure","https://www.govinfo.gov/app/details/CHRG-119hhrg60155/CHRG-119hhrg60155","https://www.govinfo.gov/content/pkg/CHRG-119hhrg60155/pdf/CHRG-119hhrg60155.pdf","673.7 KB","https://www.govinfo.gov/content/pkg/CHRG-119hhrg60155/html/CHRG-119hhrg60155.htm","285.5 KB","","0 B","","0 B","","0 B"," OF THE COMMITTEE ON TRANSPORTATION AND INFRASTRUCTURE HOUSE OF REPRESENTATIVES ONE HUNDRED NINETEENTH CONGRESS FIRST SESSION FEBRUARY 25, 2025 Printed for the use of the Committee on Transportation and Infrastructure [GRAPHIC(S) NOT AVAILABLE IN TIFF FORMAT] Available online at: https://www.govinfo.gov/committee/house- transportation?path=...","","2025-02-25"

"Search Terms","china"
"Total Count","88"
